status,product_area,response,justification,request_type
escalated,Claude Console Access,The issue has been escalated due to involving sensitive account access and not being directly solvable with the provided context.,"The context provided does not contain a direct solution for restoring access to a Claude team workspace for a non-owner or non-admin user after their seat has been removed by an IT admin. The information about roles and permissions, logging in, and managing access does not specifically address this scenario, necessitating escalation for further assistance.",product_issue
escalated,HackerRank,Your issue has been escalated.,The issue involves a high-risk topic and the provided context does not contain the necessary information to resolve it.,product_issue
escalated,Visa Card Services,Your issue has been escalated to the appropriate team for further assistance.,"The issue involves a dispute with a merchant and a request for a refund and action against the seller, which is not directly addressed in the provided context and falls under high-risk topics.",product_issue
replied,Mock Interviews,"To request a refund for your mock interview, please contact help@hackerrank.com as per our refund policy. They will promptly review your request.","The response is based on the refund policy mentioned in Document 2 from HackerRank, which provides a clear procedure for requesting a refund for unsatisfactory mock interviews.",product_issue
escalated,unknown,Unable to process request at this time. Escalating to human support.,LLM unavailable after retries: Error code: 429 - {'error': {'message': 'Rate limit reached for model `llama-3.3-70b-versatile` in organization `org_01kqhpgmy0fz98jjaa1yk867az` service tier `on_demand` on tokens per minute (TPM): Li,product_issue
escalated,HackerRank,The issue has been escalated.,"The context does not directly address the user's question about the infosec process or filling in forms for the company's hiring process, and the topic may involve sensitive company information.",product_issue
escalated,HackerRank Platform,The issue you're experiencing with submissions not working and the apply tab not being visible has been escalated for further investigation.,"The provided context does not contain a direct solution to the user's problem, indicating the need for escalation to resolve the issue.",product_issue
escalated,HackerRank Challenges,The issue you're experiencing with submissions not working across any challenges on our website is being escalated for further investigation. Our support team will look into this matter to provide a more detailed solution or troubleshooting steps.,"The provided context does not directly address the broad issue of submissions not working across all challenges, suggesting a need for more specific support or investigation.",product_issue
replied,HackerRank,"To resolve the compatibility issue, please ensure you are using a supported browser and have optimized your test environment. You can also try verifying your system compatibility using the HackerRank Compatibility link. If the issue persists, please contact support@hackerrank.com for further assistance.","The response is based on the general troubleshooting steps provided in the context, although the specific issue with Zoom connectivity is not directly addressed.",product_issue
replied,HackerRank Assessments,"To reschedule your assessment, you may want to try modifying the test expiration time or extending the test invite expiry. You can find more information on these topics in the HackerRank support documents. If you are still having trouble, please let us know and we will do our best to assist you.","The response is based on the information provided in the context, which includes modifying test expiration times and extending test invite expiry. Although the context does not directly address rescheduling assessments, it provides some relevant information that may be helpful to the user.",product_issue
escalated,HackerRank Interviews,The issue has been escalated to a human agent.,Guardrail detected potential hallucination or unsafe information.,product_issue
escalated,Unknown,The issue has been escalated due to lack of information.,"The ticket lacks specific details about the issue, making it impossible to provide a solution based on the context.",invalid
escalated,unknown,Unable to process request at this time. Escalating to human support.,LLM unavailable after retries: Error code: 429 - {'error': {'message': 'Rate limit reached for model `llama-3.3-70b-versatile` in organization `org_01kqhpgmy0fz98jjaa1yk867az` service tier `on_demand` on tokens per day (TPD): Limit,product_issue
escalated,unknown,Unable to process request at this time. Escalating to human support.,LLM unavailable after retries: Error code: 429 - {'error': {'message': 'Rate limit reached for model `llama-3.3-70b-versatile` in organization `org_01kqhpgmy0fz98jjaa1yk867az` service tier `on_demand` on tokens per day (TPD): Limit,product_issue
escalated,unknown,Unable to process request at this time. Escalating to human support.,LLM unavailable after retries: Error code: 429 - {'error': {'message': 'Rate limit reached for model `llama-3.3-70b-versatile` in organization `org_01kqhpgmy0fz98jjaa1yk867az` service tier `on_demand` on tokens per day (TPD): Limit,product_issue
escalated,unknown,Unable to process request at this time. Escalating to human support.,LLM unavailable after retries: Error code: 429 - {'error': {'message': 'Rate limit reached for model `llama-3.3-70b-versatile` in organization `org_01kqhpgmy0fz98jjaa1yk867az` service tier `on_demand` on tokens per day (TPD): Limit,product_issue
escalated,unknown,Unable to process request at this time. Escalating to human support.,LLM unavailable after retries: Error code: 429 - {'error': {'message': 'Rate limit reached for model `llama-3.3-70b-versatile` in organization `org_01kqhpgmy0fz98jjaa1yk867az` service tier `on_demand` on tokens per day (TPD): Limit,product_issue
escalated,unknown,Unable to process request at this time. Escalating to human support.,LLM unavailable after retries: Error code: 429 - {'error': {'message': 'Rate limit reached for model `llama-3.3-70b-versatile` in organization `org_01kqhpgmy0fz98jjaa1yk867az` service tier `on_demand` on tokens per day (TPD): Limit,product_issue
escalated,unknown,Unable to process request at this time. Escalating to human support.,LLM unavailable after retries: Error code: 429 - {'error': {'message': 'Rate limit reached for model `llama-3.3-70b-versatile` in organization `org_01kqhpgmy0fz98jjaa1yk867az` service tier `on_demand` on tokens per day (TPD): Limit,product_issue
escalated,unknown,Unable to process request at this time. Escalating to human support.,LLM unavailable after retries: Error code: 429 - {'error': {'message': 'Rate limit reached for model `llama-3.3-70b-versatile` in organization `org_01kqhpgmy0fz98jjaa1yk867az` service tier `on_demand` on tokens per day (TPD): Limit,product_issue
escalated,unknown,Unable to process request at this time. Escalating to human support.,LLM unavailable after retries: Error code: 429 - {'error': {'message': 'Rate limit reached for model `llama-3.3-70b-versatile` in organization `org_01kqhpgmy0fz98jjaa1yk867az` service tier `on_demand` on tokens per day (TPD): Limit,product_issue
escalated,unknown,Unable to process request at this time. Escalating to human support.,LLM unavailable after retries: Error code: 429 - {'error': {'message': 'Rate limit reached for model `llama-3.3-70b-versatile` in organization `org_01kqhpgmy0fz98jjaa1yk867az` service tier `on_demand` on tokens per day (TPD): Limit,product_issue
escalated,unknown,Unable to process request at this time. Escalating to human support.,LLM unavailable after retries: Error code: 429 - {'error': {'message': 'Rate limit reached for model `llama-3.3-70b-versatile` in organization `org_01kqhpgmy0fz98jjaa1yk867az` service tier `on_demand` on tokens per day (TPD): Limit,product_issue
escalated,unknown,Unable to process request at this time. Escalating to human support.,LLM unavailable after retries: Error code: 429 - {'error': {'message': 'Rate limit reached for model `llama-3.3-70b-versatile` in organization `org_01kqhpgmy0fz98jjaa1yk867az` service tier `on_demand` on tokens per day (TPD): Limit,product_issue
escalated,unknown,Unable to process request at this time. Escalating to human support.,LLM unavailable after retries: Error code: 429 - {'error': {'message': 'Rate limit reached for model `llama-3.3-70b-versatile` in organization `org_01kqhpgmy0fz98jjaa1yk867az` service tier `on_demand` on tokens per day (TPD): Limit,product_issue
escalated,unknown,Unable to process request at this time. Escalating to human support.,LLM unavailable after retries: Error code: 429 - {'error': {'message': 'Rate limit reached for model `llama-3.3-70b-versatile` in organization `org_01kqhpgmy0fz98jjaa1yk867az` service tier `on_demand` on tokens per day (TPD): Limit,product_issue
escalated,unknown,Unable to process request at this time. Escalating to human support.,LLM unavailable after retries: Error code: 429 - {'error': {'message': 'Rate limit reached for model `llama-3.3-70b-versatile` in organization `org_01kqhpgmy0fz98jjaa1yk867az` service tier `on_demand` on tokens per day (TPD): Limit,product_issue
escalated,unknown,Unable to process request at this time. Escalating to human support.,LLM unavailable after retries: Error code: 429 - {'error': {'message': 'Rate limit reached for model `llama-3.3-70b-versatile` in organization `org_01kqhpgmy0fz98jjaa1yk867az` service tier `on_demand` on tokens per day (TPD): Limit,product_issue
escalated,unknown,Unable to process request at this time. Escalating to human support.,LLM unavailable after retries: Error code: 429 - {'error': {'message': 'Rate limit reached for model `llama-3.3-70b-versatile` in organization `org_01kqhpgmy0fz98jjaa1yk867az` service tier `on_demand` on tokens per day (TPD): Limit,product_issue
